2547,I
85,B
85,B
102,B
102,B
3594,P
7405,P
2220,P
6401,P
1766,P
367,B
249,B
406,B
4304,P
505,B
232,B
406,B
4160,P
419,B
252,B
463,B
4207,P
528,B
281,B
380,B
4471,P
485,B
264,B
358,B
4286,P
449,B
201,B
384,B
4251,P
440,B
260,B
496,B
4142,P
401,B
348,B
418,B
3868,P
521,B
272,B
371,B
4326,P
570,B
296,B
1546,B
614,B
16500,I
390,B
729,B
3226,P
605,B
343,B
576,B
4150,P
545,B
372,B
518,B
4335,P
567,B
409,B
557,B
4402,P
522,B
292,B
514,B
4504,P
669,B
313,B
584,B
4545,P
567,B
312,B
522,B
4521,P
654,B
344,B
520,B
4613,P
563,B
407,B
579,B
4655,P
525,B
302,B
569,B
4575,P
638,B
324,B
568,B
4778,P
612,B
384,B
538,B
4602,P
522,B
442,B
18690,I
523,B
595,B
583,B
521,B
4902,P
605,B
341,B
474,B
4534,P
2608,B
4496,P
4795,B
3087,B
6317,B
3070,B
2486,P
206,B
1156,B
283,B
1125,B
4946,P
1292,B
346,B
1410,B
4021,P
422,B
858,B
341,B
3161,P
314,B
350,B
1483,P
256,B
361,B
539,B
290,B
2339,P
322,B
172,B
313,B
2165,P
304,B
164,B
265,B
1943,P
176,B
191,B
555,B
216,B
7362,I
161,B
322,B
1207,P
205,B
150,B
343,B
2054,P
333,B
176,B
307,B
1952,P
272,B
199,B
238,B
2031,P
225,B
163,B
263,B
2204,P
304,B
186,B
269,B
1979,P
276,B
164,B
349,B
1835,P
329,B
165,B
293,B
2255,P
287,B
186,B
309,B
1953,P
266,B
193,B
283,B
1876,P
248,B
167,B
241,B
1989,P
351,B
180,B
263,B
1978,P
315,B
405,B
8101,I
263,B
347,B
551,B
318,B
1825,P
271,B
1021,P
703,B
1289,B
1732,B
2564,P
1696,B
1185,B
1878,B
2389,P
97,B
118,P
14020,I
6191,B
20943,B
8413,B
61009,P
9524,B
50877,P
9580,B
8439,B
70619,P
5633,B
16513,B
5687,B
39051,P
7795,B
8674,B
40229,P
7335,B
19440,B
6573,B
37635,P
7714,B
21119,B
8334,B
41011,P
10509,B
13689,B
7850,B
46483,P
8232,B
11826,B
7089,B
128832,I
5356,B
18155,P
7363,B
8243,B
31675,P
6206,B
20696,P
6275,B
17366,B
6091,B
35902,P
5894,B
19687,B
5217,B
40683,P
5370,B
17536,B
4607,B
38345,P
9849,B
12545,B
14771,B
6066,B
42646,P
4985,B
26629,P
5768,B
17602,B
6826,B
35513,P
9552,B
14114,B
8029,B
41261,P
9336,B
14096,B
8987,B
37740,P
10236,B
14083,B
8987,B
38477,P
9225,B
13152,B
7497,B
38089,P
16420,B
17736,B
9298,B
138065,I
8357,B
8292,B
23820,P
4117,B
13523,B
4120,B
29722,P
3961,B
13105,B
4593,B
32378,P
4861,B
13708,B
5095,B
29540,P
5754,B
21653,P
5401,B
15254,B
5253,B
33526,P
5146,B
16318,B
5384,B
36011,P
5818,B
17728,B
6932,B
36645,P
7418,B
19196,B
7130,B
39149,P
6771,B
18554,B
5667,B
37226,P
5220,B
18235,B
5617,B
37211,P
5662,B
17525,B
5799,B
36545,P
5462,B
16820,B
5515,B
35804,P
113005,I
7642,B
7665,B
26273,P
5504,B
17277,B
5180,B
34668,P
5051,B
15846,B
4977,B
30118,P
4732,B
27682,P
4785,B
15985,B
4697,B
33951,P
4360,B
15814,B
4274,B
34863,P
4159,B
14950,B
4464,B
33174,P
4179,B
15047,B
4068,B
33220,P
3757,B
13890,B
3779,B
32599,P
3472,B
13950,B
3177,B
28724,P
4286,B
4462,B
28760,P
3058,B
19341,P
2855,B
10137,B
2903,B
29550,P
2674,B
10209,B
2311,B
104803,I
4605,B
7993,B
7764,B
2858,B
28805,P
3730,B
4828,B
2656,B
33430,P
3088,B
3703,B
20430,P
2535,B
11250,B
2122,B
23952,P
2870,B
3462,B
25648,P
5461,B
7296,B
7591,B
2536,B
29358,P
1750,B
16719,P
3139,B
4606,B
1990,B
31681,P
3137,B
4379,B
2343,B
26935,P
2871,B
3838,B
2181,B
27025,P
2974,B
4127,B
2024,B
27033,P
1675,B
9170,B
10916,B
52846,P
5515,B
8051,B
5742,B
112611,I
4041,B
3645,B
25682,P
2280,B
4329,B
2157,B
24931,P
2621,B
4289,B
2035,B
28340,P
2535,B
4067,B
2279,B
25392,P
2829,B
4425,B
2219,B
27348,P
2880,B
4226,B
2016,B
25960,P
2765,B
4377,B
2289,B
24025,P
2715,B
3881,B
2268,B
25243,P
2817,B
3901,B
2047,B
26168,P
2750,B
4295,B
2034,B
27064,P
2632,B
3756,B
1987,B
25994,P
2828,B
4163,B
1873,B
26855,P
2569,B
3784,B
93089,I
3203,B
3029,B
3759,B
1550,B
26331,P
2682,B
3307,B
1757,B
27821,P
2383,B
3157,B
1792,B
22685,P
2610,B
3343,B
1943,B
26225,P
2528,B
3122,B
2161,B
25315,P
2714,B
3165,B
1840,B
26006,P
3224,B
3612,B
1844,B
34378,P
2923,B
3133,B
1780,B
22516,P
3074,B
3633,B
2039,B
28255,P
3045,B
3670,B
1855,B
28825,P
2796,B
3462,B
2071,B
27913,P
2765,B
3709,B
2328,B
28007,P
91969,I
3088,B
2605,B
20814,P
2852,B
3150,B
1943,B
28295,P
2895,B
3597,B
1973,B
29372,P
3067,B
3640,B
2062,B
30827,P
3341,B
4333,B
2310,B
32137,P
3497,B
4523,B
2666,B
31092,P
3631,B
4638,B
2391,B
32038,P
3866,B
5365,B
3087,B
32952,P
5278,B
6406,B
3603,B
40336,P
4366,B
6064,B
3517,B
32260,P
3675,B
4181,B
30125,P
64036,P
4454,B
7707,B
4083,B
40175,P
5030,B
7671,B
121724,I
8466,B
7489,B
9254,B
4224,B
41607,P
4467,B
7159,B
3741,B
40439,P
5133,B
8027,B
4814,B
43680,P
6469,B
9655,B
5000,B
45550,P
6711,B
10745,B
5305,B
47595,P
6945,B
11598,B
6382,B
52658,P
7989,B
13146,B
7519,B
52554,P
9128,B
13896,B
7907,B
55553,P
8883,B
13751,B
8070,B
51565,P
9657,B
14052,B
7248,B
53889,P
9014,B
14046,B
7340,B
54146,P
9286,B
13796,B
7278,B
54261,P
126153,I
12144,B
8661,B
48041,P
8465,B
13590,B
7246,B
53834,P
8117,B
13325,B
7763,B
51518,P
8812,B
13797,B
7433,B
50938,P
8563,B
13493,B
8179,B
50278,P
7243,B
24264,B
7717,B
53853,P
8566,B
35180,B
6955,B
53237,P
6274,B
27732,B
5718,B
45492,P
5459,B
22876,B
5074,B
41503,P
3686,B
17131,B
2478,B
33851,P
1636,B
11206,B
731,B
29783,P
1480,B
2045,B
20207,P
1312,B
1640,B
936,B
53050,I
790,B
927,B
1369,B
699,B
8089,P
828,B
1367,B
789,B
7100,P
941,B
1491,B
905,B
8065,P
1066,B
1721,B
969,B
7927,P
1304,B
1911,B
1126,B
8229,P
1241,B
2081,B
1078,B
8120,P
1320,B
2442,B
1160,B
8306,P
1351,B
2214,B
1205,B
8358,P
1415,B
2570,B
1405,B
7958,P
1343,B
2071,B
7425,P
4763,B
2716,B
3526,B
1116,B
18493,P
1379,B
1254,B
2074,B
1271,B
58699,I
965,B
1113,B
5640,P
898,B
1306,B
820,B
6505,P
777,B
1127,B
907,B
6548,P
1138,B
1994,B
1317,B
7153,P
1331,B
2136,B
1258,B
7865,P
1303,B
2185,B
1252,B
7705,P
1431,B
2324,B
1282,B
8208,P
1388,B
2272,B
1152,B
8215,P
1401,B
2323,B
1319,B
8097,P
1453,B
2274,B
1365,B
8135,P
1351,B
2175,B
1294,B
7903,P
1698,B
2548,B
1658,B
11429,P
1090,B
1935,B
56432,I
1431,B
1538,B
2537,B
1206,B
8147,P
1342,B
2062,B
1268,B
10918,P
1266,B
2017,B
1297,B
6822,P
1476,B
2380,B
1582,B
8244,P
1494,B
2257,B
974,B
10494,P
1152,B
2082,B
1198,B
7868,P
1525,B
2201,B
1197,B
10484,P
1259,B
2170,B
1172,B
7685,P
1610,B
2969,B
1309,B
10813,P
1397,B
2141,B
1249,B
9441,P
1263,B
2599,B
1295,B
7959,P
1690,B
1620,B
2785,B
1217,B
58394,I
1264,B
1645,B
4848,P
1188,B
2206,B
1166,B
9328,P
1252,B
2123,B
1304,B
8022,P
1468,B
2965,B
1248,B
10715,P
1425,B
2186,B
1108,B
9404,P
1231,B
2394,B
1210,B
7737,P
1519,B
2079,B
1167,B
12464,P
1307,B
2068,B
1246,B
6960,P
1346,B
2420,B
1453,B
8548,P
1258,B
1654,B
10851,P
5315,B
3279,B
3639,B
1320,B
17710,P
1138,B
1636,B
1052,B
9915,P
914,B
1410,B
63408,I
1190,B
1154,B
1530,B
844,B
8130,P
1092,B
1319,B
1070,B
8879,P
1331,B
2404,B
1284,B
8742,P
1374,B
2828,B
1673,B
8626,P
1479,B
2530,B
1409,B
9261,P
1309,B
2529,B
1319,B
9282,P
1809,B
3101,B
1325,B
8958,P
1417,B
3006,B
1202,B
9032,P
1584,B
2820,B
2019,B
8677,P
1536,B
2538,B
1769,B
9854,P
1411,B
2623,B
1495,B
9736,P
1695,B
1805,B
3134,B
1361,B
61336,I
1165,B
1785,B
5314,P
1243,B
2588,B
1507,B
8314,P
1482,B
2894,B
1554,B
9098,P
1507,B
2266,B
1284,B
10998,P
1486,B
2247,B
1509,B
7711,P
1413,B
2654,B
1306,B
8808,P
1426,B
2667,B
1401,B
11145,P
1402,B
2364,B
1881,B
8152,P
1465,B
2551,B
1509,B
9703,P
1648,B
2308,B
1382,B
11388,P
1872,B
2601,B
1414,B
8305,P
1408,B
2541,B
1833,B
9175,P
1600,B
1959,B
64293,I
1740,B
1644,B
2587,B
1498,B
8673,P
1884,B
2351,B
1754,B
10372,P
1625,B
2731,B
1463,B
8161,P
1713,B
2677,B
2019,B
11625,P
1971,B
2413,B
2396,B
7989,P
1700,B
2718,B
1636,B
9866,P
1909,B
2192,B
1370,B
12966,P
1719,B
1985,B
1690,B
7929,P
1628,B
2634,B
8113,P
5880,B
2653,B
3882,B
1566,B
18920,P
1190,B
1674,B
987,B
10861,P
1297,B
1259,B
2288,B
1823,B
65906,I
1013,B
1073,B
5899,P
760,B
1163,B
1166,B
8359,P
1797,B
2728,B
2459,B
8638,P
1674,B
3122,B
1788,B
9805,P
2197,B
2099,B
1635,B
9493,P
2031,B
2251,B
1279,B
11236,P
1553,B
2452,B
1726,B
8910,P
1721,B
2369,B
1831,B
11240,P
1404,B
2368,B
2009,B
8901,P
2243,B
2996,B
2545,B
9939,P
2164,B
2331,B
1514,B
12446,P
1707,B
2509,B
2164,B
9153,P
1914,B
2706,B
67221,I
2374,B
1887,B
2795,B
1646,B
13395,P
2271,B
2239,B
2055,B
8605,P
2284,B
2455,B
1797,B
9366,P
1774,B
2326,B
1791,B
12088,P
1789,B
2555,B
2062,B
9171,P
1759,B
2711,B
1625,B
12163,P
2103,B
2387,B
2284,B
9187,P
2055,B
2419,B
1639,B
12564,P
1646,B
2519,B
1997,B
11772,P
2101,B
2385,B
2142,B
9798,P
1929,B
2534,B
1854,B
13792,P
2139,B
1948,B
3309,B
2766,B
67684,I
1582,B
2054,B
7841,P
1662,B
2636,B
1677,B
10284,P
2018,B
2715,B
2003,B
8731,P
1872,B
2635,B
1927,B
11859,P
1935,B
2350,B
2483,B
9432,P
2110,B
2360,B
1767,B
11852,P
1875,B
2911,B
2525,B
9289,P
2541,B
2483,B
2279,B
12317,P
1714,B
2298,B
8839,P
6530,B
3398,B
4600,B
2435,B
20152,P
1876,B
1851,B
1394,B
11488,P
1456,B
1820,B
1292,B
10679,P
1489,B
1986,B
70350,I
2306,B
1684,B
2112,B
1552,B
11126,P
1721,B
2120,B
2019,B
11142,P
1598,B
2202,B
2078,B
11080,P
1731,B
2001,B
1238,B
11049,P
1673,B
2103,B
1911,B
11250,P
1968,B
1988,B
1648,B
11724,P
1723,B
2052,B
1973,B
11059,P
2328,B
2129,B
1951,B
11307,P
1569,B
2325,B
1398,B
11247,P
1561,B
1918,B
1451,B
11091,P
1656,B
2149,B
1507,B
11107,P
1663,B
1648,B
2905,B
2127,B
68771,I
1356,B
1950,B
6587,P
1485,B
1828,B
1512,B
9929,P
1752,B
2001,B
1674,B
10142,P
1628,B
2079,B
1477,B
10739,P
1651,B
2126,B
1737,B
11611,P
1897,B
2029,B
1585,B
11952,P
1406,B
2090,B
1516,B
11497,P
1836,B
2323,B
1836,B
11326,P
1764,B
1965,B
1320,B
10896,P
1481,B
2136,B
1779,B
11748,P
2052,B
2663,B
1887,B
11929,P
1550,B
2302,B
1579,B
11077,P
1831,B
2815,B
70112,I
2666,B
2083,B
2612,B
1581,B
11456,P
1427,B
2161,B
1433,B
11060,P
1694,B
2246,B
1954,B
10879,P
1697,B
2489,B
1329,B
10968,P
1870,B
2789,B
1531,B
11252,P
1985,B
2497,B
1654,B
11409,P
1604,B
2268,B
2035,B
11456,P
1509,B
2347,B
10662,P
6530,B
2961,B
4693,B
1699,B
20941,P
1474,B
1843,B
1493,B
12365,P
1378,B
1690,B
1311,B
11034,P
1498,B
1593,B
2779,B
2261,B
71862,I
1237,B
1994,B
8378,P
1785,B
2616,B
1515,B
11415,P
1602,B
2785,B
1608,B
11689,P
1844,B
2867,B
1677,B
11755,P
1685,B
2873,B
1933,B
13026,P
1723,B
2434,B
1784,B
12239,P
2026,B
2955,B
1743,B
12199,P
2272,B
2818,B
2113,B
12000,P
2085,B
3255,B
2110,B
12867,P
1696,B
2738,B
1789,B
14262,P
2111,B
2778,B
1947,B
11623,P
2215,B
3095,B
1814,B
12578,P
1856,B
3222,B
74027,I
2543,B
2201,B
3274,B
1658,B
11745,P
1789,B
3108,B
1875,B
13334,P
1971,B
3027,B
2038,B
11179,P
1908,B
2949,B
1608,B
12605,P
2066,B
2933,B
2066,B
12997,P
1921,B
2627,B
1654,B
12844,P
1600,B
2621,B
1669,B
12705,P
2041,B
2711,B
1816,B
12433,P
1696,B
2684,B
1337,B
13508,P
1933,B
2968,B
1703,B
11486,P
1851,B
3006,B
1544,B
11811,P
2143,B
2258,B
3899,B
2464,B
73467,I
2154,B
2984,B
8306,P
1800,B
2575,B
1555,B
12547,P
1940,B
2387,B
2008,B
12714,P
1949,B
2431,B
1724,B
12789,P
1770,B
2766,B
1747,B
13347,P
2121,B
2695,B
1695,B
13683,P
1808,B
2783,B
1569,B
13533,P
1770,B
2784,B
9824,P
7498,B
3951,B
6110,B
2117,B
25887,P
1802,B
2878,B
1640,B
14891,P
1713,B
2611,B
1913,B
13847,P
1711,B
2570,B
1675,B
14060,P
1885,B
2720,B
81387,I
2430,B
2413,B
3267,B
2001,B
13501,P
1935,B
3199,B
1816,B
15228,P
1937,B
2886,B
2059,B
13150,P
2286,B
2866,B
1554,B
15922,P
1674,B
2634,B
1634,B
13975,P
2206,B
3083,B
1658,B
17033,P
1836,B
3076,B
1792,B
14183,P
1774,B
2452,B
1967,B
15515,P
1618,B
2632,B
1727,B
14449,P
1441,B
2138,B
1764,B
12956,P
1635,B
2479,B
1619,B
13594,P
2046,B
2029,B
4284,B
2495,B
79807,I
1678,B
2331,B
9823,P
1912,B
2476,B
1961,B
14031,P
2023,B
3015,B
1859,B
14143,P
2165,B
2797,B
1624,B
13959,P
1899,B
2690,B
1722,B
14345,P
1982,B
2501,B
2037,B
14831,P
2046,B
2651,B
1481,B
13721,P
2201,B
2688,B
2130,B
14995,P
2017,B
2743,B
1775,B
15239,P
2108,B
2691,B
1805,B
15185,P
1947,B
2768,B
1630,B
13972,P
2106,B
2494,B
1710,B
14624,P
1985,B
3037,B
82090,I
2775,B
2663,B
3100,B
1860,B
14358,P
1957,B
2514,B
1551,B
13772,P
1966,B
2721,B
2021,B
14128,P
1904,B
2846,B
2089,B
14308,P
1985,B
2801,B
2122,B
14240,P
2130,B
3078,B
1899,B
14901,P
2032,B
4502,B
3102,B
30674,P
2259,B
2796,B
1908,B
13788,P
1782,B
2739,B
1792,B
12867,P
1827,B
2567,B
1825,B
13953,P
1837,B
2782,B
1575,B
15948,P
1991,B
2134,B
4114,B
2747,B
85846,I
2050,B
2415,B
9664,P
1525,B
2272,B
1714,B
11800,P
1572,B
2735,B
1818,B
15169,P
1611,B
2356,B
1628,B
13659,P
1735,B
2428,B
1696,B
16913,P
1785,B
2431,B
1627,B
13476,P
1515,B
2770,B
1766,B
14823,P
1624,B
2727,B
1873,B
14722,P
1370,B
2652,B
1576,B
12762,P
1729,B
2488,B
1507,B
13820,P
1578,B
2636,B
1678,B
14460,P
1758,B
2621,B
1758,B
14920,P
1375,B
2259,B
84405,I
2027,B
1670,B
2578,B
1353,B
14158,P
1564,B
2364,B
1251,B
13939,P
1652,B
2499,B
1396,B
14975,P
1463,B
2584,B
1399,B
14352,P
1671,B
2595,B
1497,B
14705,P
1674,B
2565,B
1380,B
14604,P
1637,B
2547,B
1520,B
14543,P
1410,B
2436,B
1301,B
14680,P
1529,B
2466,B
1579,B
13884,P
1516,B
2484,B
1411,B
14206,P
1624,B
2362,B
1196,B
14727,P
1683,B
1491,B
3491,B
2021,B
83298,I
1366,B
1530,B
7936,P
1322,B
2000,B
1277,B
13398,P
1453,B
2378,B
1504,B
12894,P
1506,B
2373,B
1406,B
14271,P
1466,B
2494,B
1382,B
14742,P
1608,B
2581,B
1408,B
14491,P
1444,B
2223,B
12829,P
7222,B
3798,B
5663,B
1998,B
26187,P
1616,B
2197,B
1418,B
15375,P
1400,B
2380,B
1424,B
16257,P
1599,B
2306,B
1270,B
13360,P
1539,B
2271,B
1477,B
16716,P
1484,B
2491,B
89215,I
2281,B
1725,B
2646,B
1431,B
15622,P
1399,B
2185,B
1492,B
14408,P
1621,B
2422,B
1349,B
13017,P
1731,B
2736,B
1511,B
18036,P
1555,B
2425,B
1349,B
13094,P
1621,B
2533,B
1526,B
16850,P
1636,B
2217,B
1337,B
14956,P
1675,B
2689,B
1558,B
15369,P
1575,B
2443,B
1505,B
15337,P
1754,B
2313,B
1503,B
15452,P
1686,B
2576,B
1547,B
13508,P
2168,B
2228,B
3949,B
2599,B
87262,I
1515,B
2201,B
8934,P
1522,B
2552,B
1605,B
13230,P
1730,B
2442,B
1647,B
14061,P
1746,B
2533,B
1515,B
14188,P
1754,B
2796,B
1574,B
15142,P
1699,B
2530,B
1387,B
14191,P
1905,B
2859,B
1388,B
15022,P
1773,B
2735,B
1511,B
15358,P
1790,B
2677,B
1605,B
15316,P
1653,B
2883,B
1656,B
15637,P
1830,B
2526,B
1594,B
14920,P
1604,B
2421,B
1484,B
15081,P
1743,B
2632,B
88420,I
2740,B
2054,B
3110,B
1532,B
14494,P
1767,B
2560,B
1470,B
14692,P
1618,B
2281,B
1295,B
14484,P
1395,B
2092,B
1309,B
15296,P
1540,B
2213,B
1617,B
15605,P
1287,B
3943,B
2648,B
33141,P
1421,B
2431,B
1530,B
13841,P
1610,B
2545,B
1502,B
16550,P
1607,B
2132,B
1557,B
16004,P
1576,B
2096,B
1498,B
16828,P
1610,B
2208,B
1575,B
15321,P
1992,B
1822,B
3752,B
2815,B
93588,I
1411,B
1816,B
9804,P
1517,B
2140,B
1204,B
12928,P
1538,B
2346,B
1385,B
14770,P
1711,B
2511,B
1469,B
15426,P
1681,B
2692,B
1416,B
15319,P
1548,B
2682,B
1472,B
15831,P
1839,B
2552,B
1563,B
15846,P
1822,B
2576,B
1507,B
16468,P
1997,B
2735,B
1514,B
16488,P
1860,B
2974,B
1706,B
17390,P
1939,B
2948,B
1630,B
17247,P
1883,B
3004,B
1664,B
17492,P
1892,B
2954,B
95074,I
2540,B
2268,B
3093,B
1772,B
16005,P
1837,B
2936,B
1828,B
16424,P
2027,B
2942,B
1712,B
17383,P
2020,B
2886,B
1928,B
18111,P
2096,B
2937,B
1738,B
17519,P
2216,B
3450,B
1836,B
15366,P
2438,B
3356,B
1846,B
20055,P
2120,B
3491,B
2133,B
15875,P
2219,B
3487,B
2013,B
17096,P
2334,B
3766,B
2272,B
17537,P
2176,B
3272,B
2059,B
18407,P
2566,B
2741,B
5108,B
3119,B
97280,I
2433,B
2532,B
12103,P
2215,B
3458,B
2055,B
18161,P
2401,B
3267,B
2127,B
15487,P
2604,B
3689,B
2177,B
16410,P
2697,B
3989,B
2441,B
18977,P
2728,B
7794,B
4511,B
45043,P
2656,B
4167,B
2453,B
18297,P
2723,B
3865,B
2206,B
19264,P
2568,B
3752,B
2627,B
18376,P
2643,B
3971,B
2377,B
20215,P
3233,B
4569,B
2843,B
28293,P
2577,B
3954,B
2635,B
17530,P
2940,B
4051,B
108086,I
3820,B
3350,B
4201,B
2415,B
21047,P
2489,B
3939,B
2295,B
16815,P
2774,B
4265,B
2360,B
19717,P
3040,B
4080,B
2280,B
20580,P
3026,B
4342,B
2724,B
17684,P
3218,B
4273,B
2337,B
19223,P
3069,B
4311,B
2549,B
20354,P
3242,B
4592,B
2596,B
21352,P
3073,B
4619,B
2926,B
22197,P
3198,B
4385,B
2414,B
23773,P
2722,B
4069,B
2592,B
18546,P
3456,B
3915,B
6442,B
3390,B
104219,I
2891,B
3352,B
13892,P
2593,B
3832,B
2432,B
16923,P
2730,B
4177,B
3242,B
18922,P
3498,B
4610,B
2605,B
20298,P
2658,B
4082,B
2542,B
17761,P
2724,B
4891,B
3227,B
20705,P
3645,B
5312,B
3432,B
22535,P
4162,B
4668,B
2499,B
19508,P
3020,B
3927,B
3873,B
17907,P
2878,B
5433,B
3681,B
27306,P
2530,B
4123,B
2266,B
17782,P
4165,B
6419,B
3856,B
24171,P
3878,B
5528,B
100323,I
3179,B
4428,B
6299,B
2736,B
26423,P
4244,B
6883,B
4397,B
29033,P
3378,B
7321,B
5637,B
18807,P
3959,B
7573,B
5939,B
38151,P
7380,B
6621,B
40966,P
54837,P
7258,B
9064,B
7414,B
60046,P
8679,B
9225,B
7892,B
68304,P
10026,B
9585,B
7857,B
61154,P
8664,B
15156,B
3788,B
68434,P
2596,B
4021,B
2698,B
24547,P
3603,B
4830,B
3193,B
39562,P
3905,B
4997,B
8660,B
6627,B
106451,I
4009,B
4252,B
22388,P
3765,B
3509,B
2745,B
28036,P
3679,B
3630,B
3073,B
29210,P
3919,B
4567,B
2874,B
41535,P
3436,B
4139,B
2801,B
29431,P
3123,B
4402,B
2743,B
34266,P
2796,B
4449,B
3019,B
35035,P
2929,B
5750,B
2614,B
34511,P
3002,B
3996,B
2361,B
34830,P
2758,B
4436,B
2260,B
35244,P
2953,B
3826,B
3043,B
28734,P
3327,B
4414,B
2577,B
39274,P
3931,B
5467,B
112167,I
6742,B
5224,B
5742,B
2879,B
33882,P
3461,B
4215,B
2963,B
31992,P
2929,B
4103,B
2357,B
30822,P
3287,B
4267,B
2545,B
31600,P
3447,B
4981,B
2581,B
40490,P
3029,B
4443,B
3447,B
28533,P
3674,B
4055,B
2901,B
32984,P
3292,B
4018,B
2512,B
31783,P
3341,B
4282,B
2671,B
31675,P
3861,B
4278,B
2300,B
32757,P
3390,B
4241,B
2505,B
32931,P
4082,B
4074,B
2670,B
34780,P
115413,I
4146,B
3713,B
24888,P
4079,B
3863,B
2929,B
34245,P
3440,B
3876,B
2585,B
33490,P
3427,B
4218,B
2299,B
43213,P
3360,B
15223,B
8524,B
82826,P
3765,B
6111,B
3538,B
38970,P
4753,B
6205,B
3953,B
44152,P
3662,B
5845,B
3492,B
34263,P
3913,B
5293,B
4004,B
39929,P
4400,B
5744,B
3487,B
41860,P
3769,B
4817,B
3299,B
36863,P
3581,B
5202,B
2818,B
39157,P
4044,B
5893,B
138576,I
6495,B
5459,B
6663,B
3447,B
42835,P
3402,B
5538,B
3094,B
40835,P
3909,B
5347,B
2999,B
40763,P
3833,B
5446,B
3171,B
43446,P
4117,B
5297,B
3184,B
43033,P
4344,B
5987,B
3501,B
44180,P
4282,B
6074,B
3589,B
44208,P
3928,B
6204,B
3084,B
44894,P
4187,B
5929,B
3208,B
45095,P
4692,B
5879,B
3341,B
45800,P
4305,B
6134,B
3715,B
38946,P
4625,B
6370,B
3321,B
51430,P
148242,I
5912,B
4475,B
35890,P
4449,B
6021,B
3456,B
44368,P
4257,B
6101,B
3326,B
37438,P
5136,B
6917,B
3351,B
53894,P
4933,B
6080,B
3713,B
47717,P
5031,B
6592,B
4128,B
42190,P
5316,B
7134,B
3733,B
55750,P
4862,B
6509,B
3736,B
51506,P
4776,B
6659,B
3751,B
44648,P
5195,B
6405,B
3648,B
46348,P
5543,B
7353,B
4068,B
50321,P
5543,B
7547,B
4397,B
50668,P
6323,B
8843,B
161748,I
8750,B
7747,B
9350,B
4676,B
55445,P
5890,B
8040,B
4621,B
54894,P
6027,B
8763,B
5312,B
52247,P
7736,B
26857,B
15717,B
115468,P
8464,B
12837,B
8493,B
57394,P
8306,B
11259,B
7244,B
53077,P
9280,B
11855,B
7063,B
56736,P
8416,B
11020,B
6390,B
59115,P
8748,B
11680,B
7606,B
61232,P
9081,B
11992,B
7728,B
62494,P
8968,B
11509,B
7546,B
53700,P
9159,B
12291,B
7621,B
66420,P
179921,I
11897,B
11185,B
52073,P
9415,B
13167,B
7725,B
62882,P
8458,B
12079,B
7179,B
56384,P
8276,B
12023,B
6759,B
58892,P
9438,B
13233,B
7433,B
69880,P
8189,B
12414,B
7783,B
54568,P
8228,B
11846,B
6753,B
61262,P
8783,B
12428,B
7129,B
61470,P
9654,B
13550,B
7553,B
63113,P
9704,B
13442,B
8141,B
63079,P
10750,B
14381,B
8950,B
64241,P
11052,B
14942,B
9263,B
66881,P
11700,B
17383,B
190723,I
16488,B
14758,B
17051,B
8579,B
67217,P
9295,B
13228,B
8033,B
63651,P
10131,B
13600,B
7814,B
63961,P
10167,B
14394,B
8835,B
63282,P
11230,B
15976,B
9813,B
66056,P
10410,B
11912,B
48244,P
11024,B
13127,B
53759,P
12094,B
13392,B
54259,P
12799,B
13169,B
69513,P
10134,B
32475,B
11179,B
64284,P
11193,B
36341,B
11236,B
72461,P
10628,B
37806,B
11179,B
74249,P
10542,B
37300,B
10888,B
76481,P
195125,I
21849,B
18253,B
60950,P
11190,B
43360,B
10892,B
79363,P
11129,B
38615,B
11777,B
74958,P
15084,B
15700,B
72719,P
41578,B
37576,B
119623,P
13184,B
43622,B
12950,B
70728,P
13126,B
40467,B
12929,B
74235,P
13658,B
41920,B
13007,B
77356,P
12710,B
40910,B
12206,B
78369,P
12050,B
38838,B
12003,B
76098,P
12691,B
37948,B
11517,B
75605,P
11603,B
36970,B
12082,B
75156,P
13215,B
37721,B
12901,B
74595,P
201292,I
22622,B
19624,B
58742,P
11722,B
41718,B
12023,B
81585,P
11050,B
36665,B
11101,B
73962,P
11301,B
37200,B
10943,B
74808,P
11206,B
37528,B
11182,B
75291,P
11956,B
37895,B
12171,B
74658,P
13123,B
37970,B
12738,B
74934,P
12198,B
37905,B
11823,B
73784,P
15797,B
18602,B
58552,P
12121,B
38435,B
12073,B
71384,P
10277,B
34612,B
10342,B
72339,P
12117,B
13011,B
66300,P
12856,B
16296,B
10233,B
63921,P
201904,I
14172,B
12975,B
54309,P
8828,B
10963,B
42636,P
10784,B
13748,B
8471,B
63474,P
9815,B
13010,B
8447,B
51504,P
8341,B
9580,B
46924,P
8856,B
10192,B
48219,P
8149,B
9576,B
45232,P
7599,B
26873,B
6994,B
53567,P
6734,B
27316,B
6041,B
58006,P
7290,B
22993,B
6086,B
62989,P
7330,B
20847,B
5985,B
48916,P
7091,B
47835,P
6848,B
38757,B
5960,B
74869,P
5552,B
32620,B
4935,B
65044,P
136833,I
18659,B
13050,B
53676,P
3065,B
30218,B
2518,B
49711,P
2125,B
31644,P
3390,B
6026,B
35473,P
9541,B
4856,B
6871,B
2492,B
33861,P
1945,B
2940,B
1680,B
16412,P
1806,B
3031,B
1572,B
15072,P
1616,B
2565,B
1360,B
14005,P
1978,B
3138,B
1917,B
16875,P
2001,B
3323,B
1797,B
15084,P
2039,B
3363,B
1834,B
16438,P
2198,B
3208,B
1892,B
14235,P
2422,B
2448,B
4410,B
3117,B
67435,I
2163,B
2808,B
10656,P
1791,B
3048,B
1933,B
14036,P
2010,B
3129,B
2030,B
15445,P
2182,B
3223,B
1734,B
15213,P
2114,B
3116,B
1818,B
14781,P
2435,B
3271,B
2249,B
15809,P
2239,B
3391,B
2041,B
15082,P
2052,B
3036,B
1873,B
15761,P
2164,B
3123,B
2022,B
15634,P
2027,B
3178,B
1807,B
15275,P
2199,B
3234,B
1975,B
15710,P
2016,B
2897,B
1997,B
15249,P
1930,B
2917,B
71868,I
2593,B
2140,B
3170,B
1755,B
14949,P
2258,B
2805,B
1910,B
15181,P
2117,B
2730,B
1977,B
15152,P
1983,B
2987,B
1786,B
14664,P
2240,B
2883,B
2019,B
15560,P
2170,B
2971,B
1809,B
15611,P
2090,B
2703,B
1780,B
15771,P
2071,B
2704,B
1772,B
15819,P
2044,B
2837,B
1763,B
14942,P
2031,B
2664,B
1559,B
15184,P
2091,B
2659,B
1940,B
16214,P
2103,B
2053,B
3819,B
2611,B
74436,I
1672,B
2351,B
10150,P
1798,B
2713,B
1668,B
14707,P
1627,B
2115,B
14118,P
9547,B
5118,B
6206,B
2491,B
26457,P
1965,B
3079,B
1835,B
16116,P
1844,B
2428,B
1817,B
15628,P
1937,B
2723,B
1748,B
16400,P
1746,B
2370,B
1716,B
14833,P
1949,B
2398,B
1809,B
15480,P
1933,B
2647,B
1590,B
15724,P
1873,B
2526,B
1704,B
15511,P
1864,B
2837,B
1753,B
16417,P
1596,B
2373,B
79844,I
2455,B
2194,B
3085,B
1538,B
14632,P
1776,B
2514,B
1557,B
14294,P
1842,B
2619,B
1563,B
14533,P
2052,B
2950,B
1830,B
15276,P
1896,B
2628,B
1659,B
15147,P
1935,B
2723,B
1628,B
14761,P
2161,B
2600,B
1612,B
15173,P
2159,B
2884,B
1925,B
15151,P
2006,B
2987,B
1714,B
15369,P
1922,B
3007,B
1839,B
15601,P
2224,B
3046,B
1741,B
18552,P
2325,B
2211,B
4305,B
2679,B
82950,I
1867,B
2569,B
10198,P
1930,B
2704,B
1721,B
15512,P
2131,B
2729,B
1853,B
16284,P
2342,B
2863,B
1698,B
16328,P
1988,B
2999,B
1851,B
16222,P
2191,B
2915,B
1801,B
16465,P
2008,B
3393,B
1879,B
16507,P
1954,B
2673,B
1734,B
17031,P
2163,B
2928,B
1989,B
16388,P
2091,B
3064,B
1871,B
13701,P
2063,B
3251,B
1924,B
18242,P
1811,B
3167,B
1782,B
13876,P
1836,B
3004,B
84492,I
2375,B
2399,B
3541,B
1705,B
15077,P
1833,B
2620,B
12101,P
9806,B
5428,B
6827,B
2397,B
30168,P
1985,B
3123,B
1867,B
19004,P
1562,B
2579,B
1780,B
14080,P
1783,B
2743,B
1617,B
15454,P
1683,B
2711,B
1772,B
15649,P
1888,B
3101,B
1839,B
16231,P
1873,B
2930,B
1753,B
16679,P
1893,B
2934,B
1707,B
13392,P
1958,B
3164,B
1738,B
15573,P
1946,B
3065,B
1715,B
15481,P
83243,I
2077,B
2484,B
9942,P
2041,B
2935,B
1856,B
14531,P
1919,B
3246,B
1826,B
16376,P
2206,B
3172,B
1937,B
15814,P
2166,B
3468,B
1957,B
15254,P
2311,B
3598,B
2072,B
16591,P
2110,B
3029,B
1972,B
16562,P
2187,B
3436,B
2223,B
16327,P
2313,B
3283,B
2153,B
15791,P
2582,B
3409,B
2360,B
16388,P
2352,B
3433,B
2280,B
16379,P
2660,B
3428,B
2367,B
16783,P
2309,B
3518,B
80692,I
2971,B
2838,B
3701,B
2144,B
16638,P
2347,B
3025,B
2128,B
15665,P
2454,B
3203,B
2077,B
15547,P
2286,B
3067,B
1980,B
15849,P
2219,B
3034,B
1921,B
15231,P
2172,B
3015,B
1861,B
15111,P
1951,B
2990,B
1856,B
15558,P
2130,B
3267,B
1992,B
14636,P
2044,B
3187,B
1834,B
15801,P
1886,B
2931,B
2035,B
14080,P
2122,B
3090,B
1811,B
15179,P
2419,B
2318,B
5344,B
2918,B
74079,I
1846,B
2367,B
10249,P
1550,B
2105,B
10081,P
9162,B
5797,B
6441,B
2428,B
25392,P
2012,B
2853,B
1666,B
16583,P
1936,B
2481,B
1689,B
15197,P
1999,B
2307,B
1566,B
14945,P
1608,B
2094,B
1557,B
13883,P
1610,B
2257,B
1673,B
14369,P
1629,B
2404,B
1452,B
14670,P
1733,B
2440,B
1605,B
14349,P
1860,B
2437,B
1650,B
15212,P
1699,B
2583,B
1579,B
14969,P
1659,B
2485,B
73005,I
2469,B
2098,B
2641,B
1473,B
14681,P
1758,B
2246,B
1543,B
14398,P
1696,B
2810,B
1873,B
15398,P
1849,B
2663,B
1664,B
14911,P
1897,B
2972,B
1709,B
15672,P
1834,B
3035,B
1868,B
15499,P
1788,B
2464,B
1952,B
15479,P
1901,B
3165,B
1696,B
15376,P
1887,B
2878,B
1675,B
15622,P
1947,B
3238,B
1677,B
16204,P
1822,B
3191,B
1721,B
15993,P
2074,B
2201,B
4770,B
3127,B
72110,I
1865,B
2381,B
10423,P
1674,B
2920,B
1556,B
14997,P
1825,B
3124,B
1744,B
15751,P
1954,B
3469,B
1636,B
15990,P
1865,B
3346,B
1825,B
16534,P
1954,B
3487,B
1789,B
16588,P
2107,B
3380,B
1838,B
16875,P
2032,B
3697,B
2107,B
17104,P
2280,B
3845,B
1973,B
16751,P
2098,B
3427,B
1986,B
15495,P
2391,B
4039,B
2279,B
16628,P
2195,B
3902,B
2234,B
16938,P
2356,B
3769,B
77351,I
2828,B
3012,B
1912,B
16021,P
10391,B
6155,B
7764,B
3021,B
29185,P
2241,B
3231,B
1978,B
19053,P
2116,B
3201,B
1800,B
16530,P
2254,B
3077,B
1943,B
18613,P
2290,B
3354,B
2183,B
19476,P
2299,B
3343,B
2131,B
19695,P
2575,B
4007,B
2201,B
17898,P
2462,B
3796,B
2219,B
19937,P
2638,B
3962,B
2009,B
20612,P
2772,B
3821,B
2311,B
22418,P
2763,B
3993,B
2193,B
22759,P
88815,I
3045,B
2747,B
16937,P
2811,B
3989,B
2219,B
19406,P
3050,B
4479,B
2149,B
22548,P
3196,B
4463,B
2381,B
24209,P
3290,B
5057,B
2396,B
26283,P
3655,B
4711,B
2691,B
25531,P
4661,B
6122,B
2766,B
27544,P
3848,B
5570,B
4284,B
27543,P
4178,B
5813,B
5628,B
24241,P
4856,B
8343,B
3069,B
30669,P
6206,B
6886,B
4305,B
26442,P
6872,B
7969,B
5059,B
32889,P
6266,B
8247,B
109494,I
6151,B
7292,B
8967,B
4345,B
31268,P
5720,B
8224,B
4692,B
30324,P
5448,B
8277,B
4476,B
31995,P
5466,B
9129,B
5255,B
33537,P
6248,B
9171,B
5643,B
32692,P
8476,B
11434,B
6580,B
41477,P
7210,B
9964,B
8505,B
38424,P
7493,B
14055,B
8224,B
35840,P
7976,B
14922,B
37388,P
11726,B
16697,B
13155,B
45139,P
12771,B
11399,B
14239,B
7013,B
47576,P
8245,B
10497,B
6137,B
37188,P
131540,I
6031,B
21513,B
19934,B
59748,P
10633,B
11076,B
43518,P
7173,B
11450,B
7367,B
39263,P
7490,B
10698,B
5755,B
42160,P
6342,B
9982,B
5863,B
35019,P
8513,B
12751,B
7213,B
39219,P
9157,B
11557,B
5977,B
45504,P
6284,B
9444,B
5074,B
37135,P
6367,B
8964,B
4721,B
39209,P
6491,B
8325,B
4806,B
40339,P
6515,B
9553,B
4585,B
45587,P
5805,B
8977,B
4788,B
38311,P
6894,B
10016,B
152623,I
7284,B
9612,B
11779,B
6429,B
44886,P
9041,B
13245,B
7768,B
45388,P
9370,B
13945,B
8298,B
45961,P
9526,B
13795,B
8642,B
45587,P
8963,B
13375,B
7352,B
45668,P
8249,B
8229,B
33927,P
6336,B
24255,P
7528,B
7382,B
40188,P
7417,B
7499,B
35631,P
8131,B
11308,B
6292,B
51140,P
8065,B
12872,B
7522,B
40895,P
9216,B
9609,B
37175,P
7080,B
18736,B
6587,B
41525,P
5919,B
16680,B
153523,I
8897,B
11222,B
5587,B
44591,P
7060,B
13433,B
7534,B
61278,P
8801,B
10324,B
66190,P
7009,B
58266,P
7310,B
42229,B
6911,B
93385,P
14066,B
18804,B
11811,B
98756,P
13153,B
15373,B
9876,B
91826,P
10904,B
20075,B
19883,B
7447,B
68912,P
8097,B
8350,B
38978,P
6811,B
7644,B
35224,P
6753,B
7269,B
38089,P
6497,B
7087,B
36876,P
5960,B
7116,B
34516,P
7875,B
9002,B
10950,B
6633,B
162880,I
21506,B
24572,B
8595,B
77450,P
6525,B
8151,B
36781,P
6944,B
10593,B
6052,B
37960,P
6575,B
10605,B
6132,B
35992,P
6881,B
11099,B
6431,B
37872,P
7590,B
9189,B
37381,P
8103,B
9886,B
31246,P
8178,B
8804,B
33891,P
8357,B
11426,B
6445,B
47224,P
8556,B
12595,B
7330,B
47085,P
9037,B
10227,B
36523,P
8029,B
20408,B
8036,B
43642,P
17129,B
20365,B
23534,B
9299,B
60741,P
10924,B
169256,I
7783,B
21225,B
6824,B
35425,P
7526,B
34765,P
10211,B
14066,B
7412,B
54956,P
7128,B
21397,B
11211,B
57443,P
8084,B
24770,B
7169,B
45193,P
8369,B
24285,B
8763,B
51557,P
8747,B
25149,B
9210,B
52160,P
8444,B
24518,B
8174,B
52396,P
15767,B
18360,B
19289,B
8261,B
65590,P
12142,B
15346,B
18280,B
8369,B
57741,P
9570,B
13345,B
7418,B
61524,P
8100,B
9601,B
38741,P
6013,B
15840,B
170762,I
10709,B
9685,B
34621,P
6477,B
22813,B
6966,B
46758,P
6795,B
21853,B
6170,B
55617,P
5557,B
22190,B
5352,B
52058,P
5399,B
20999,B
5218,B
46397,P
5735,B
20673,B
5428,B
57019,P
4830,B
17445,B
5168,B
48301,P
4815,B
17996,B
4966,B
49586,P
10507,B
13396,B
14889,B
5902,B
53200,P
10990,B
15310,B
17104,B
6355,B
52321,P
6798,B
7911,B
41289,P
7430,B
10393,B
5645,B
52927,P
13370,B
192739,I
6465,B
20037,B
4193,B
34996,P
4506,B
17497,B
4674,B
38005,P
5036,B
20100,B
4771,B
43955,P
4838,B
19061,B
5432,B
44754,P
5710,B
29568,P
6262,B
21135,B
6922,B
49155,P
6751,B
22560,B
6504,B
49792,P
14494,B
17292,B
18541,B
8476,B
59639,P
8168,B
9236,B
32573,P
7834,B
8374,B
44219,P
7279,B
9012,B
31691,P
8005,B
8119,B
43600,P
7767,B
11328,B
6176,B
44275,P
8075,B
11703,B
168672,I
9156,B
10222,B
12094,B
6107,B
46943,P
7600,B
11443,B
6593,B
44743,P
7904,B
11427,B
6727,B
45176,P
8668,B
11775,B
6295,B
44507,P
7635,B
11100,B
6631,B
45688,P
4679,B
23158,P
8927,B
12345,B
7555,B
47810,P
8548,B
11711,B
6891,B
47484,P
7899,B
11914,B
6782,B
45820,P
7146,B
17917,B
6356,B
41921,P
5485,B
18866,B
5783,B
45999,P
13033,B
16103,B
17634,B
8258,B
59915,P
9264,B
164959,I
9760,B
11167,B
28555,P
7633,B
7143,B
39183,P
6955,B
7741,B
37998,P
5350,B
16201,B
5083,B
39264,P
4917,B
18051,B
5393,B
44027,P
5543,B
18578,B
5410,B
46393,P
5261,B
18689,B
5380,B
46195,P
5359,B
19724,B
5382,B
47676,P
5801,B
19787,B
5943,B
48521,P
6280,B
20691,B
6896,B
48833,P
7447,B
23437,B
7964,B
50255,P
16062,B
19307,B
18910,B
8165,B
62526,P
24792,B
22396,B
12725,B
179151,I
12331,B
10481,B
34930,P
6489,B
22207,B
6503,B
41132,P
6314,B
21189,B
6518,B
43893,P
14584,B
17958,B
19396,B
8467,B
58825,P
7776,B
8646,B
40463,P
6969,B
7984,B
38795,P
7245,B
7903,B
40326,P
10632,B
14279,B
16555,B
6717,B
52059,P
5598,B
18498,B
5475,B
42166,P
6855,B
7366,B
38462,P
6167,B
20989,B
6484,B
48085,P
6610,B
22281,B
7895,B
51173,P
7710,B
23069,B
7246,B
50313,P
164522,I
10296,B
10005,B
36908,P
6130,B
21459,B
6049,B
47210,P
7416,B
7414,B
46337,P
7071,B
7513,B
40210,P
6487,B
7185,B
38806,P
6493,B
6885,B
38162,P
9995,B
13358,B
14859,B
5900,B
52260,P
6871,B
7533,B
41557,P
6722,B
7200,B
39093,P
5215,B
17330,B
5366,B
42308,P
5346,B
18902,B
5538,B
46831,P
6021,B
21061,B
6429,B
49524,P
7023,B
22823,B
7689,B
51518,P
8072,B
21793,B
6404,B
171651,I
6736,B
21003,B
7639,B
45814,P
6762,B
21798,B
6551,B
49679,P
7110,B
22546,B
6845,B
52223,P
14789,B
17600,B
17729,B
7692,B
63949,P
8052,B
9228,B
44102,P
12460,B
15987,B
18483,B
8160,B
57428,P
6100,B
20790,B
6285,B
52498,P
6680,B
20001,B
6518,B
48216,P
6429,B
22228,B
6608,B
59716,P
6365,B
21368,B
6512,B
57115,P
9409,B
10900,B
47561,P
28737,B
22782,B
88919,P
7929,B
20384,B
185725,I
14671,B
12816,B
41397,P
7736,B
24762,B
7266,B
46546,P
7014,B
23950,B
6644,B
51490,P
6374,B
23757,B
7187,B
51778,P
7544,B
24478,B
7482,B
54223,P
7948,B
25703,B
8115,B
54207,P
7711,B
34774,P
6987,B
22980,B
6871,B
52033,P
7707,B
25651,B
8229,B
54613,P
9159,B
9477,B
51879,P
7382,B
21275,B
7280,B
46246,P
7612,B
24620,B
7749,B
53030,P
7551,B
23950,B
7524,B
52936,P
6044,B
177660,I
6075,B
21453,B
7152,B
47952,P
6488,B
22607,B
6399,B
51309,P
6395,B
23130,B
6939,B
53883,P
7873,B
25392,B
8140,B
54519,P
16491,B
19676,B
21184,B
8135,B
66560,P
8409,B
8780,B
46839,P
7891,B
8401,B
45677,P
6745,B
9002,B
43120,P
8136,B
9002,B
44072,P
12246,B
17088,B
20183,B
8365,B
60133,P
9482,B
10858,B
46890,P
7777,B
23933,B
7423,B
50059,P
7503,B
24788,B
7814,B
55305,P
171158,I
12841,B
11831,B
39816,P
8195,B
26531,B
8430,B
53626,P
9210,B
26465,B
9267,B
53698,P
7550,B
23632,B
7769,B
52500,P
7367,B
23494,B
7621,B
52760,P
7765,B
25660,B
9040,B
57140,P
9319,B
27327,B
9064,B
55363,P
8337,B
27114,B
8413,B
57438,P
8664,B
26885,B
7365,B
56275,P
7009,B
24523,B
6631,B
54659,P
8199,B
8366,B
41643,P
27914,B
22996,B
92574,P
10611,B
17445,B
20031,B
12758,B
177897,I
12143,B
9387,B
37183,P
5757,B
21572,B
6060,B
47733,P
5903,B
21441,B
5690,B
49750,P
6069,B
22425,B
5993,B
52093,P
6252,B
22337,B
6000,B
51972,P
6058,B
22310,B
6323,B
53610,P
7740,B
8411,B
51288,P
7753,B
8835,B
35920,P
8056,B
8259,B
40554,P
8346,B
8887,B
41474,P
13935,B
17255,B
19854,B
8057,B
57829,P
15199,B
18316,B
19120,B
8230,B
66705,P
9156,B
10429,B
47370,P
11065,B
176557,I
10590,B
13000,B
7317,B
45547,P
7441,B
7849,B
41727,P
5974,B
20279,B
6186,B
47317,P
7462,B
7740,B
48982,P
5977,B
18535,B
5807,B
45227,P
6047,B
20978,B
5744,B
50853,P
5736,B
21327,B
5792,B
50880,P
5585,B
21834,B
5859,B
52439,P
7458,B
7860,B
49995,P
7487,B
7627,B
42953,P
5810,B
19749,B
5734,B
46434,P
14798,B
18154,B
19042,B
7398,B
65315,P
8274,B
8769,B
45762,P
5671,B
180387,I
7466,B
8024,B
47910,P
8472,B
9480,B
35542,P
9410,B
9720,B
41848,P
14575,B
17890,B
21330,B
7987,B
59754,P
8092,B
8566,B
54314,P
6121,B
20646,B
5605,B
48396,P
5730,B
23608,B
6095,B
51144,P
8122,B
8605,B
47166,P
15275,B
18561,B
21142,B
7601,B
61528,P
7919,B
8136,B
44695,P
9187,B
12220,B
6282,B
60144,P
98701,P
6082,B
11817,B
5472,B
35279,P
6164,B
11237,B
5437,B
39935,P
188421,I
8714,B
5993,B
35671,P
6030,B
9628,B
4827,B
36643,P
6419,B
11750,B
32051,P
36344,B
61398,P
56999,I
13376,B
166,B
205,B
126,B
519,P
126,B
150,B
148,B
113,B
526,P
123,B
120,B
150,B
114,B
441,P
142,B
129,B
131,B
124,B
477,P
106,B
177,P
129,P
90,B
109,B
302,P
111,B
133,B
111,B
1367,P
220,B
2307,P
346,B
398,B
636,B
190,B
6654,I
95,B
117,B
238,B
120,B
1191,P
279,B
252,B
313,B
4267,P
306,B
243,B
214,B
5900,P
195,B
3851,P
176,B
401,P
683,P
129,B
197,B
2035,P
165,B
153,B
159,B
166,B
3407,P
131,B
131,B
217,B
138,B
3165,P
126,B
127,B
169,B
120,B
1556,P
129,B
119,B
198,B
135,B
2747,P
125,B
192,B
115,B
2002,P
96,B
93,B
227,B
156,B
14462,I
90,B
95,B
128,P
112,B
220,B
119,B
1257,P
108,B
207,B
115,B
2097,P
149,B
237,B
144,B
1882,P
182,B
1606,P
134,B
134,B
175,B
128,B
3042,P
133,B
1270,P
696,P
126,B
135,B
138,B
148,B
2744,P
130,B
128,B
187,B
123,B
1866,P
126,B
176,B
1384,P
155,B
136,B
183,B
161,B
5013,P
131,B
195,B
1012,P
119,B
111,B
90,B
14482,I
103,B
96,B
101,B
114,B
269,P
109,B
142,B
112,B
2091,P
115,B
115,B
152,B
120,B
2273,P
476,P
103,B
217,P
1054,P
119,B
156,B
1109,P
1340,P
106,B
106,B
151,B
123,B
2854,P
119,B
141,B
1492,P
113,B
109,B
161,B
131,B
2606,P
117,B
122,B
213,B
141,B
1777,P
129,B
152,B
2679,P
389,P
156,P
108,B
106,B
142,B
102,B
14385,I
105,B
126,B
241,P
129,B
151,B
127,B
1392,P
145,B
165,B
137,B
1963,P
118,B
206,B
109,B
2278,P
159,B
2089,P
98,B
98,B
165,B
119,B
2146,P
143,B
1852,P
453,P
135,B
135,B
167,B
141,B
2495,P
141,B
116,B
218,B
126,B
2211,P
150,B
208,B
2085,P
150,B
134,B
182,B
153,B
2290,P
149,B
206,B
1821,P
131,B
122,B
110,B
15031,I
110,B
125,B
157,B
106,B
1469,P
113,B
205,B
112,B
1971,P
136,B
123,B
294,B
156,B
3115,P
322,P
111,B
408,P
1657,P
127,B
166,B
681,P
2052,P
124,B
123,B
175,B
132,B
2682,P
134,B
187,B
1617,P
125,B
132,B
189,B
129,B
2400,P
163,B
144,B
194,B
166,B
5288,P
179,B
198,B
679,P
161,B
216,B
169,B
2162,P
119,B
185,B
15209,I
102,B
261,B
175,P
148,B
172,B
266,B
838,P
152,B
254,B
232,B
953,P
135,B
184,B
239,B
1172,P
190,B
544,P
191,B
194,B
323,B
155,B
1671,P
263,B
632,P
169,B
296,B
298,B
196,B
1049,P
164,B
197,B
350,B
184,B
966,P
211,B
174,B
367,B
206,B
839,P
183,B
388,B
212,B
541,P
117,B
171,P
125,B
144,B
240,B
108,B
2883,I
215,B
122,B
194,B
90,B
121,P
91,B
107,B
101,B
9485,P
203,B
280,B
6828,P
1385,B
1259,B
1292,B
164,B
4314,P
266,B
130,B
241,B
249,B
3440,P
205,B
207,B
1187,B
276,B
3262,P
193,B
255,B
649,B
172,B
2958,P
385,B
480,B
846,B
191,B
3665,P
268,B
235,B
125,B
3274,P
235,B
216,B
125,B
3112,P
310,B
101,B
247,B
231,B
14681,I
153,B
146,B
1051,B
274,B
3114,P
290,P
319,B
577,B
774,B
160,B
3611,P
264,B
263,B
129,B
3253,P
906,P
156,B
152,B
1282,B
294,B
3564,P
236,P
548,B
517,B
827,B
157,B
3988,P
296,B
253,B
125,B
3278,P
291,B
178,B
864,B
208,B
6184,P
151,B
256,B
206,B
3247,P
203,B
211,B
1248,B
211,B
3077,P
263,B
139,B
379,B
109,B
14417,I
282,B
295,B
636,B
163,B
3267,P
193,B
158,B
111,B
2941,P
197,B
124,B
173,B
217,B
3252,P
151,B
156,B
1254,B
288,B
3127,P
174,B
208,B
782,B
181,B
3158,P
566,B
593,B
923,B
159,B
3979,P
254,B
138,B
253,B
254,B
3810,P
160,B
167,B
1406,B
324,B
3666,P
309,P
584,B
699,B
866,B
197,B
4380,P
328,B
103,B
215,B
173,B
15773,I
127,B
198,B
218,B
3051,P
150,B
153,B
1392,B
270,B
3425,P
213,B
197,B
904,B
188,B
3414,P
4084,B
4088,B
2713,B
171,B
3523,P
170,B
97,B
132,B
127,B
1200,P
